{"a.us": 0.000534852234301729, "aap.us": 0.0008550022019351485, "aapl.us": -0.0003443472906864622, "abc.us": 0.0006589909507631541, "abt.us": 0.0002774773188229092, "acn.us": 0.001265236823506852, "adbe.us": 0.0007454084119452095, "adm.us": 0.00017672509260794586, "adp.us": 0.0005547053299970352, "ads.us": 0.0012033733638772734, "adsk.us": 0.0010059522613461171, "aee.us": 0.0004314471809028571, "aep.us": 0.00014426200247353362, "aes.us": 6.352085032067004e-06, "aet.us": 0.0005377578051621513, "afl.us": 4.47920156969948e-05, "aiv.us": 0.0007709122020969191, "aiz.us": 0.0007634349490719303, "ajg.us": 0.0005593109460382999, "akam.us": 0.00033736997529085926, "alb.us": 0.00019655909678320684, "algn.us": 0.0006817566579030816, "alk.us": 0.0010351880578318097, "all.us": 0.0004990876544844123, "alxn.us": 0.0008949112122534884, "amat.us": 0.00042353898362344766, "amd.us": -0.0014764303634857234, "ame.us": 0.0009071906107290821, "amg.us": 0.0005731807220470552, "amgn.us": 0.00092684170467063, "amp.us": 0.0009436220807089776, "amt.us": 0.0006439084123872832, "amzn.us": 0.0006892056027493387, "andv.us": 0.0011200484358099222, "anss.us": 0.0007832086576963667, "antm.us": 0.0008915573506508093, "aon.us": 0.001211711650932895, "aos.us": 0.0004142150128546332, "apa.us": -0.00043116229940779534, "apc.us": -2.9631365349010537e-05, "apd.us": 0.00035354454861588933, "aph.us": 0.0005949017340720857, "are.us": 0.007586995372790634, "atvi.us": 4.7082604434188194e-05, "avgo.us": 0.00039660447847232594, "avy.us": 0.00029411359701165336, "awk.us": 0.00016099873677947828, "axp.us": 0.0005128052231376405, "ayi.us": 0.0010813279706270561, "azo.us": 0.0009298650395719626, "ba.us": 9.31900462219092e-05, "bac.us": -0.00121411387683163, "bax.us": 0.00013611836778800845, "bbt.us": 0.0005725329421132275, "bby.us": -8.152508900483664e-05, "bdx.us": 0.0004070620278232598, "ben.us": 0.00042840369701736353, "biib.us": 0.0009069463618403952, "bk.us": 0.00024470649737702045, "blk.us": -0.00028504912433817496, "bll.us": 0.0007561508028479036, "bmy.us": 0.0007457170028352971, "bsx.us": -3.7818222898815205e-06, "bwa.us": 0.0008664928473742876, "bxp.us": 0.08084266527021484, "c.us": -0.0005333107971926018, "cag.us": 0.00047001361474774796, "cah.us": 0.00047683876311986883, "cat.us": -8.358423825893658e-05, "cb.us": 0.0007143487968798351, "cbg.us": 0.0006299492380609545, "cbs.us": 0.0008293667243189143, "cci.us": 0.00046551494464867817, "ccl.us": 0.00011724994943573938, "cdns.us": 0.0010793204470070715, "celg.us": 0.0006242947727173039, "cern.us": 0.0005001877702308403, "cf.us": 1.7280588102770903e-05, "chd.us": 0.0005899978998714152, "chk.us": -0.0010373046273449028, "chrw.us": 0.0005873660227539754, "ci.us": 0.0008717392246321232, "cinf.us": 0.0003444036892424347, "cl.us": 0.0007409003699106213, "clx.us": 0.0005105850436476384, "cma.us": 0.0003359064669473043, "cmcsa.us": 0.0007306733486704489, "cme.us": 0.0001808378132280145, "cmg.us": 0.0011534399556194835, "cmi.us": 0.00014706205542475978, "cms.us": 0.00040159387354027896, "cnc.us": 0.001327177891766666, "cnp.us": 0.00020271232014823764, "cof.us": 0.00021222498663609225, "cog.us": 0.00023586325618303076, "col.us": 0.0005183554826401924, "coo.us": 0.0007019447611323361, "cop.us": 0.00018068291842458003, "cost.us": 0.0006602564056994402, "cpb.us": 0.0005798524407756388, "crm.us": 0.0007665169639852886, "csco.us": 0.00038479724106183226, "csx.us": 0.00022699865881798095, "ctas.us": 0.0004635980434315344, "ctl.us": -0.00012835787240293766, "ctsh.us": 0.00044664733409391307, "ctxs.us": 0.00028832702804254003, "cvs.us": 0.0008189465083743828, "cvx.us": 0.00023394557615123831, "cxo.us": 0.0006458876487558189, "d.us": 0.0005492796457124608, "dal.us": 0.00025095410343532845, "de.us": 8.54077435498125e-05, "dfs.us": 0.0006472877850852989, "dg.us": 0.00036874964570032906, "dgx.us": 0.0004887369902891944, "dhi.us": -4.8914268580533694e-05, "dhr.us": 0.000645460934329234, "dis.us": 0.0006856630952896811, "disca.us": 0.0007118123429604253, "disck.us": 0.00129856488151236, "dish.us": 0.0009288032044399288, "dlr.us": 4.209790056146185e-05, "dltr.us": 0.0006805657636385354, "dov.us": 0.00027008591830468174, "dps.us": 0.0007344464145170779, "dre.us": 0.0005026787256405096, "dri.us": 0.0005989300724844063, "dte.us": 0.0005101878937190618, "duk.us": 0.0002254476934781387, "dva.us": 0.0004938365617106783, "dvn.us": -0.00044424408362243135, "dwdp.us": 0.0005931812395468846, "ebay.us": 0.0004264567586871365, "ecl.us": 0.0007892747284122079, "ed.us": 0.0003332419245402757, "efx.us": 0.0008570816278626144, "eix.us": -0.0009123800934136766, "el.us": 0.0009587467406202185, "emn.us": 0.0002427669320599076, "emr.us": 0.00017340533486305884, "eog.us": 5.197840676346225e-05, "eqix.us": 0.0006558569804729255, "eqr.us": 0.0006317719107639007, "eqt.us": 5.847397636578426e-05, "es.us": 0.00042181187477843596, "esrx.us": 0.0003179281189831647, "etfc.us": -2.501068768172737e-05, "etn.us": 0.00017630625207190032, "etr.us": 9.306302258698343e-05, "ew.us": 0.0007742878410257635, "exc.us": -0.0001670652357016697, "expd.us": 0.00042738695252713825, "expe.us": 0.0006180868847598017, "exr.us": 0.0011402034735930842, "f.us": -0.0008100788348980602, "fast.us": 0.0006241227662381308, "fcx.us": -0.0013019775896756822, "fdx.us": 0.00023102870569149806, "fe.us": -0.00014095804326600385, "ffiv.us": 0.00038170821996282543, "fis.us": 0.0009504038936668885, "fisv.us": 0.0009770892861366259, "fitb.us": 1.408549224817872e-05, "fl.us": 0.00014022273237231529, "flir.us": 0.00045692744621747333, "flr.us": 4.300611891208284e-05, "fls.us": 0.0005444902644785252, "fmc.us": 0.0005464133201855375, "fox.us": 0.0009305215609845339, "foxa.us": 0.0008595369011105435, "frt.us": 0.0005274415023787999, "fti.us": 0.0004496040572715324, "gd.us": 0.0006526436860091877, "ge.us": -0.00018671009090980733, "ggp.us": 0.0009698859028897694, "gild.us": -6.848103808873207e-06, "gis.us": 0.000527973173479309, "glw.us": -0.0003370119105986335, "googl.us": -0.00044515816380134133, "gpc.us": 0.00038085977927701997, "gpn.us": 0.00024946172038281555, "gps.us": 0.0007353036218709105, "grmn.us": 0.0004552434280455407, "gs.us": 2.059182114179661e-05, "gt.us": -0.0003834923770985883, "gww.us": 0.0010853531689461783, "hal.us": -0.00024135901419107932, "has.us": 8.246793363610519e-06, "hban.us": -0.00013187530611777788, "hbi.us": 0.0008270776648061264, "hcn.us": 0.0003898594056803878, "hcp.us": 0.00044147464090388765, "hd.us": 0.000864114281465236, "hes.us": -0.00018263944639071246, "hig.us": 8.914733404046115e-05, "hog.us": 0.0006874460897159301, "holx.us": 0.00035301751287519854, "hon.us": 0.00047286864415735575, "hp.us": 1.7028151789893162e-05, "hpq.us": 0.0004995938317377175, "hrb.us": 0.0005733049283576887, "hrl.us": 0.0006773977511133534, "hrs.us": 8.740463993647168e-05, "hsic.us": 0.0007148069109644446, "hst.us": 0.0006030376034489435, "hsy.us": 0.001010080516028806, "hum.us": 0.008334948859119212, "ibm.us": 0.0007235775588382031, "ice.us": 0.0004623759790327724, "idxx.us": 0.0010761130133870626, "iff.us": 0.0005125012680838229, "ilmn.us": 0.0014409405517447995, "incy.us": 0.0014631506974014763, "intc.us": 0.0005869006778327516, "intu.us": 0.0012143842804350905, "ip.us": 0.0002487058901183823, "ipg.us": 0.0006668660728783196, "ir.us": 0.0008280558516036281, "irm.us": 0.0005311463002624188, "isrg.us": 0.0005616703339433941, "it.us": 0.0016307000473487255, "itw.us": 0.0002645942822297096, "ivz.us": 9.057864339736734e-05, "jbht.us": 0.0007682012148647791, "jci.us": 0.0006899194594092762, "jec.us": 0.0003978661552476642, "jnj.us": 0.00024733312175025205, "jnpr.us": 0.0007264185546762387, "jpm.us": 0.00014877183650642686, "jwn.us": 0.0007861104106607897, "k.us": 0.0004122368198176878, "key.us": 0.00019677153069329082, "kim.us": 0.00016241228008571565, "klac.us": 0.0008048440411845132, "kmb.us": 0.0004988710390506338, "kmx.us": 0.0006633353141276925, "ko.us": 0.0003360668654297764, "kr.us": 0.0008439762893735577,