{"aa.us": -0.0007212148334521138, "aaon.us": 0.0012507409835500886, "aau.us": -0.0011251415557735369, "aem.us": -0.0008100538276151827, "ag.us": 0.0001526220568926642, "akg.us": -0.0010624432569489963, "aks.us": -0.0022489315417813195, "alb.us": 0.00019655909678320684, "apd.us": 0.00035354454861588933, "apog.us": 0.0012501414041981604, "apt.us": -0.001416387857677749, "arlp.us": -0.0003805782366867033, "ash.us": 0.00047623278091901504, "au.us": -0.0003523008038140084, "auy.us": -0.001319706562229082, "avd.us": 0.0004872157729320722, "awi.us": 0.0009200115960165046, "bak.us": -0.0002997168619148195, "bbl.us": -0.00011171245476823501, "bcpc.us": 0.0007719969887501075, "becn.us": 0.0008404868811745487, "bhp.us": -0.0002736164963957353, "bldr.us": -0.00019811122513879978, "bvn.us": -0.0009888467408271696, "bxc.us": 0.00037163882680101755, "cbt.us": 0.00038818107612577314, "ccj.us": -0.00023111255266459828, "cde.us": -0.0012782279464032347, "ce.us": -9.678548114914215e-05, "cenx.us": 0.00018166075302707935, "cf.us": 1.7280588102770903e-05, "cga.us": -0.0019513765667893473, "cld.us": -0.00046124810982327644, "clf.us": -0.0019506501063651085, "clw.us": 0.00031639843729873603, "cmc.us": -0.00043682229876926124, "cmp.us": 0.0006512562538069057, "crh.us": 0.0007647680382927481, "dnn.us": -0.0006312653924635598, "dwdp.us": 0.0005931812395468846, "ecl.us": 0.0007892747284122079, "egi.us": -0.0016525288299122118, "ego.us": -0.0012367725978599487, "emn.us": 0.0002427669320599076, "exk.us": -0.0019224167881908769, "exp.us": 0.0007925317353361632, "fcx.us": -0.0013019775896756822, "fmc.us": 0.0005464133201855375, "foe.us": -0.00014334606814843186, "ful.us": 0.0007502542246488675, "gff.us": 1.5137125960910482e-05, "gfi.us": 0.00037696286652516786, "gg.us": -0.0009041032206488084, "ggb.us": -0.0013975549258597314, "glt.us": 0.0004630410789925808, "gmo.us": -0.0018018715017790686, "gold.us": -0.0008553610783473548, "goro.us": -0.0020494596442110374, "gpl.us": -0.0010724443467406935, "gpre.us": -0.00010316843918834448, "gra.us": 0.0009966998755062846, "gsm.us": 0.0003411470827326186, "gss.us": -0.004605362269254112, "hl.us": -0.0019053128244247187, "hmy.us": -0.0003721583151223051, "hsc.us": 0.0002579461537021712, "hun.us": -0.0008727914491721973, "hwkn.us": 0.0008495393373389348, "iag.us": -0.0022163833181519186, "iff.us": 0.0005125012680838229, "iosp.us": 0.0009244975273636123, "iphs.us": 0.0012656686344855077, "ipi.us": -0.0005299040361517151, "kalu.us": 0.0002987083505706128, "kgc.us": -0.0020414334753591744, "kop.us": 0.00018346705401252043, "kra.us": 0.0005089707496651247, "kwr.us": 0.0009248770967540656, "leu.us": -0.003962990847160446, "lpx.us": 0.0007292963125093487, "lxu.us": 0.0004878199267996801, "mag.us": 0.00033088248391053627, "mas.us": 0.00033474099628478935, "mdu.us": 0.00023224439400379126, "meoh.us": 0.0009069552426237701, "merc.us": 0.0018869806450859843, "mlm.us": -0.0001407801964666392, "mos.us": -0.0008344424637343217, "mt.us": -0.0009715939183386775, "mtl.us": -0.0023982842105442293, "mtx.us": 0.0002923361722964599, "mux.us": -0.0027093685487835405, "nak.us": -0.0017791625360165473, "nc.us": 0.0008681022501821045, "nem.us": -0.0009210402494452598, "neu.us": 0.0011332291425164716, "ng.us": -0.001091737322452515, "ngd.us": -0.0008097319614008678, "np.us": 0.0004694136189254396, "nrp.us": -0.00138748201939223, "nsu.us": 0.00010509500923078055, "nue.us": -9.968931898175471e-05, "nx.us": 0.00019926455856272713, "oc.us": 0.00019313734313515412, "odc.us": 0.0008672657714964337, "oln.us": 0.00012018964872116732, "omn.us": 0.00037052858143830567, "paas.us": -0.0012434677044120613, "pkx.us": -0.00032126545940348405, "plg.us": -0.0023331913570965755, "plm.us": -0.0030583151993270716, "pol.us": 0.0009530513629043814, "ppg.us": 0.0008395860702188522, "pzg.us": -0.0037903685264421526, "rex.us": 0.0005227452068842505, "rgld.us": -0.000110946751101866, "rio.us": -0.000249857324093485, "rock.us": 0.00038558270831270513, "rpm.us": 0.00014533471228158625, "rs.us": 3.150781275941037e-05, "ryn.us": 0.0003642518962511363, "sa.us": -0.002263801898421122, "scco.us": -0.00039944983475571373, "schn.us": -0.000618932473916695, "scl.us": 0.00026770402254935313, "shw.us": 0.001450790959301853, "sid.us": -0.0018093149677825117, "sim.us": 0.001532007942495447, "smg.us": 0.0007783173724689453, "sqm.us": -7.948520789777113e-05, "ssrm.us": -0.0011168581902533388, "stld.us": -0.0003212625241538305, "swm.us": 0.00022837204378702442, "sxt.us": 0.0005067467630564682, "teck.us": -0.001200124978015684, "tgb.us": -0.00093112593175916, "thm.us": -0.003300142460599284, "trex.us": 0.0013264994042070637, "trq.us": -0.001686965158784694, "tx.us": -0.000468145463453832, "uec.us": -0.0028127797749507104, "ufpi.us": 0.00048390302696714596, "ufs.us": -0.00017435693009290224, "urg.us": -0.00022251800952185883, "usap.us": 0.0005813761110733713, "usg.us": 0.00021580727467728712, "vale.us": -0.0008991179121035642, "vgz.us": -0.00427313469530857, "vhi.us": 0.0004954904027086195, "vmc.us": 0.00034999329467488285, "wdfc.us": 0.0011920758243322046, "wlk.us": 0.0009203051451269161, "wor.us": 0.0008102643269216907, "wpm.us": -0.0006532138304228563, "wwr.us": -0.003823030605928572, "wy.us": 0.00019309873649654986, "x.us": -0.0014641090312269194, "yten.us": -0.0009201641627363734, "zeus.us": -0.0012930835738897434}