{"aan.us": 0.0006055884096414621, "aaww.us": -4.6869321261730226e-05, "aaxn.us": 0.00032856041974638266, "abb.us": 0.00010537386930725126, "abm.us": 0.0006995079429797961, "acco.us": 0.0006039828724699964, "acm.us": 0.0008222609516869188, "actg.us": 0.0007848600894600926, "adp.us": 0.0005547053299970352, "aer.us": 0.0007305411734979387, "agco.us": -0.0002892505900191308, "agx.us": 0.0005733513172796104, "aimc.us": 0.0006138859209783165, "air.us": 0.0001936923886721441, "ait.us": 0.0003738679259714019, "ajrd.us": 0.0007052608421125287, "alg.us": 0.0004122813694080448, "algt.us": 0.0009519071403804815, "alk.us": 0.0010351880578318097, "ame.us": 0.0009071906107290821, "aobc.us": -0.0003950973927541283, "aos.us": 0.0004142150128546332, "ap.us": -0.0006865885759052407, "apdn.us": -0.00029305652120358467, "arc.us": 0.0008016776357591552, "arcb.us": 8.805043073915379e-05, "ascma.us": 0.0009445617494129865, "asgn.us": 0.0011003068259145931, "asps.us": 0.0008702738126295175, "asr.us": 0.0005216464230514961, "aste.us": 0.00042312376316096885, "ati.us": -0.0001514222082178518, "atro.us": 0.002365946094528975, "atsg.us": 0.001818660146733071, "atu.us": 0.00025915314941737656, "avav.us": -0.0009778690787787927, "avy.us": 0.00029411359701165336, "axe.us": 0.0007217971186650291, "axu.us": -0.002682960245676821, "ayr.us": 0.0003492229263223402, "azz.us": 0.0009973479366273358, "b.us": 0.0008934272122525062, "ba.us": 9.31900462219092e-05, "bbsi.us": 0.001232593256640573, "bco.us": 0.00016334508395206306, "bgg.us": 0.0003763883808058247, "bldp.us": -0.002968214004633629, "boom.us": 0.00048398284652275103, "br.us": 0.0007674392602843768, "brc.us": 0.00013803980098002453, "bwen.us": -0.00457125007596084, "cae.us": 0.0004264803685968961, "cai.us": 0.00040679786843706914, "caj.us": 0.00012043104216354124, "car.us": 0.0011483601936489766, "cass.us": 0.0014568078522160385, "cat.us": -8.358423825893658e-05, "catm.us": 0.0007765062940920015, "cbz.us": 0.0011540626682478212, "ccc.us": 0.0002126637983010523, "ccrn.us": 0.0004574071404725209, "cece.us": 0.0017667064785733472, "cfx.us": 0.0013474682729302714, "chrw.us": 0.0005873660227539754, "cir.us": 0.001007052555246396, "clct.us": -7.281589322908881e-05, "clgx.us": 0.0004649197654268686, "clh.us": 0.0005841792470851414, "cmco.us": 0.0003189506978030793, "cmi.us": 0.00014706205542475978, "cni.us": 0.0006852717262505886, "codi.us": 0.0002100794962674952, "cp.us": 0.0011718314980380677, "cpa.us": 6.4878286296048e-05, "cplp.us": -0.0005051472646840372, "cpst.us": -0.0035193813006208297, "cr.us": 0.0006519390371814189, "crai.us": 0.0013178415930113808, "crs.us": 0.0006523427487955776, "csl.us": 0.0006351243757790531, "csx.us": 0.00022699865881798095, "ctas.us": 0.0004635980434315344, "cub.us": 0.0005264128373966803, "cva.us": 9.47538025764858e-05, "cvti.us": 0.0016222209231464679, "cw.us": 0.0009093826662176872, "cwst.us": 0.0006028211634910519, "cyd.us": -3.4494142476842226e-05, "dac.us": 0.003206009313697087, "dal.us": 0.00025095410343532845, "dar.us": 0.0005294656505853379, "dci.us": 0.001007913144719669, "dco.us": -0.000195791483908408, "de.us": 8.54077435498125e-05, "dht.us": -0.001544788690289971, "dhx.us": 0.0005310392086669886, "dlx.us": 0.000803360995187805, "dnb.us": 0.0002908494988636956, "dov.us": 0.00027008591830468174, "drys.us": -0.0026852049765278404, "dsx.us": -0.0007640386045022858, "dxpe.us": 0.0009793512833920746, "dy.us": 0.0007615035779626862, "ebf.us": -0.0004233554714123476, "echo.us": 0.0007505258556746599, "ecol.us": 0.00011247526344239614, "eeft.us": 0.0010166234382554273, "efx.us": 0.0008570816278626144, "egle.us": -0.001728220969394518, "eme.us": 0.0007150639514558481, "emr.us": 0.00017340533486305884, "eng.us": -0.0027983372895988585, "erii.us": 0.0010994131470916937, "erj.us": -9.015237894640121e-05, "esea.us": -0.0009666404572809724, "esl.us": 0.0007407460365779925, "eslt.us": -0.00016342422452655237, "esnc.us": -0.008892315134987798, "etn.us": 0.00017630625207190032, "exls.us": 0.0009062247940469792, "expd.us": 0.00042738695252713825, "expo.us": 0.0016465326536504936, "fast.us": 0.0006241227662381308, "fcn.us": 0.00026184459821088253, "fdx.us": 0.00023102870569149806, "fele.us": 0.0006953576335502877, "fis.us": 0.0009504038936668885, "fisv.us": 0.0009770892861366259, "fix.us": 0.0003239257119833771, "flr.us": 4.300611891208284e-05, "fls.us": 0.0005444902644785252, "fly.us": -7.758342898842086e-05, "forr.us": 0.0014948612005714023, "fro.us": -0.002974494358403749, "fss.us": 0.0004116658494901874, "fstr.us": 0.0005105574387695853, "ftek.us": -0.0011326674187966985, "fwrd.us": 0.0009608074673281442, "g.us": 0.0005727742067878007, "gass.us": 0.0005194935984516506, "gatx.us": 0.00028851799293204075, "gbx.us": 0.0008050206296250597, "gd.us": 0.0006526436860091877, "ge.us": -0.00018671009090980733, "ggg.us": 0.001011365610305796, "ghm.us": 0.0010893294604854282, "gldd.us": 0.00046147884934820524, "glng.us": 0.00045756407585326723, "gogl.us": -0.0010329771448218908, "gol.us": -0.0013295052617800951, "gpn.us": 0.00024946172038281555, "grc.us": 0.00032479819376269583, "gsh.us": -0.0009220377863770329, "gsl.us": 0.0018562392588475233, "gtls.us": 0.0007610103566068057, "gva.us": -8.544164119345271e-05, "gwr.us": 0.0007407045656454312, "gww.us": 0.0010853531689461783, "ha.us": -8.994516529814626e-05, "hayn.us": 0.0010291830572699719, "hckt.us": 0.0018314208520679581, "hcsg.us": 0.0008874434394881927, "hdsn.us": 0.0017571297106194377, "hees.us": 0.0009303871877495291, "hei.us": -5.348276858278225e-06, "hi.us": 0.00044716000012615743, "hil.us": 0.00030816493176977124, "hmsy.us": 0.0009493229323068297, "hni.us": 0.0005757000004868465, "holi.us": -8.196047525826352e-05, "hon.us": 0.00047286864415735575, "hsii.us": 0.0002444422928511232, "hson.us": 0.001445018538559547, "htld.us": 0.00034448705621127845, "htz.us": 1.5226267536089302e-05, "hubg.us": 0.00018055469679375982, "hurn.us": 0.0010420951779294208, "hwcc.us": 0.00031058548112271447, "hxl.us": 0.0006346159612500917, "icfi.us": 0.0009197337635817048, "iep.us": 0.000744919966868018, "iex.us": 0.00037209626139347374, "iiin.us": 0.0009024550030300861, "ir.us": 0.0008280558516036281, "irm.us": 0.0005311463002624188, "itt.us": 0.00044177373152321913, "itw.us": 0.0002645942822297096, "jbht.us": 0.0007682012148647791, "jblu.us": -0.00041384983966864856, "jbt.us": 0.0005554399463725071, "jci.us": 0.0006899194594092762, "jec.us": 0.0003978661552476642, "jkhy.us": 0.0007866687489650304, "jobs.us": 0.001532988987202033, "kai.us": 0.000795206152786031, "kamn.us": 0.0007422267390639024, "kbal.us": -0.0004965452228448611, "kbr.us": 0.00024141010023369223, "kelya.us": -0.0005740371761870657, "kex.us": 0.0005014422047174649, "kfrc.us": 0.0007972769366547712, "kfy.us": 0.0005569179718675673, "kmt.us": 0.0007155620050510014, "knl.us": 0.00042676945155334216, "ksu.us": 0.0009923838324975987, "ktos.us": -0.001665678358339664, "labl.us": 0.0016485536817224735, "laws.us": 0.001406317755623306, "leco.us": 0.0003565318840024295, "lii.us": 0.00041961355680524866, "lll.us": 0.0005915890061159997, "lmt.us": 0.0006078199974948465, "lnn.us": 0.00018716161405097544, "lstr.us": 0.0004588791375177234, "ltbr.us": -0.0012995220789630746, "ltm.us": -0.0007956374259484772, "luv.us": -1.3713167685528055e-05, "man.us": -0.00033754349652784796, "matw.us": 0.0004770764444722294, "matx.us": 0.0005532373165191557, "mg.us": -0.0009213731261872667, "mgrc.us": 0.0010502060481451425, "mic.us": 0.0014615232103247315, "midd.us": 0.001293319543134378, "mini.us": 0.0015226260508952375, "mlhr.us": 0.0009956968891519453, "mli.us": 0.0006567050539666183, "mmm.us": 0.00046724334725315266, "mms.us": 0.000937967161949568, "mntx.us": 0.00038761710371446983, "morn.us": 0.0013703897035884302, "mrtn.us": 0.0002448840103411923, "msa.us": 0.0004656626020231897, "msm.us": 0.0006234272992052616, "mtw.us": 0.0001933695081885884, "mtz.us": 0.0002353715165771835, "mwa.us": -0.0001161531509711301,