{"apa.us": -0.00043116229940779534, "apc.us": -2.9631365349010537e-05, "arex.us": 0.0004250454060058603, "axas.us": -0.001295420737638387, "bas.us": -9.315309317679138e-05, "bp.us": 0.0002354895237378591, "bpl.us": 0.0002701516304827922, "bpt.us": -0.0005628134435170038, "brs.us": 0.00043037281133327427, "bte.us": -0.00030412433217841397, "cei.us": -0.004247025155428367, "ceo.us": -0.00020886212139011932, "ceqp.us": 0.0005144605720637331, "chk.us": -0.0010373046273449028, "ckh.us": 0.000354816728479658, "clb.us": 0.0007194921732526473, "clmt.us": -0.000439507540415353, "clne.us": -0.0024417566644066965, "clr.us": 0.00017513606031900985, "cnq.us": 0.0001646153782766067, "cnx.us": -0.00036950022634160777, "cog.us": 0.00023586325618303076, "cop.us": 0.00018068291842458003, "cpe.us": 0.00041463830011509635, "cpg.us": -0.0012251352445212743, "cqp.us": -0.0003224431326570076, "crk.us": -0.0009126800930671421, "crr.us": -0.00034649606831130514, "crt.us": -0.0003655053258808628, "crzo.us": -8.87868607915603e-05, "cve.us": 0.00026830231392643654, "cvi.us": 0.0006391711559812579, "cvx.us": 0.00023394557615123831, "cxo.us": 0.0006458876487558189, "dcp.us": 0.00048542038119639576, "dk.us": 0.0011335944431181758, "dmlp.us": -0.00025056243023862724, "dnr.us": -0.0008589494761099423, "do.us": -0.0009737795706419314, "drq.us": 0.0005866764147145822, "dvn.us": -0.00044424408362243135, "dwsn.us": 0.0015833783815249454, "e.us": 0.00030502732266591274, "ec.us": -0.0006252584049582828, "eca.us": -0.0008805004831142642, "egy.us": 0.0006522616088844454, "enb.us": 0.0007790778802537985, "enlc.us": 0.0014982559948675664, "eog.us": 5.197840676346225e-05, "epd.us": 0.0008189786255000932, "epm.us": 0.00026745730429258497, "eqt.us": 5.847397636578426e-05, "erf.us": -0.0005426800926198037, "esv.us": -0.00047948491036329426, "fgp.us": -0.00041947958151864796, "fti.us": 0.0004496040572715324, "ftk.us": 0.0015287307194685744, "gel.us": 0.0015045359393676652, "geos.us": 0.0012270901163128347, "gifi.us": 0.0005922722110207111, "glp.us": -0.00036105746441233424, "gpor.us": 0.0013714871729848645, "gte.us": 0.0002790069453113716, "hal.us": -0.00024135901419107932, "hep.us": -0.00023687075393043197, "hes.us": -0.00018263944639071246, "hlx.us": 0.00014725602005754155, "hos.us": 0.0004316331306978121, "hp.us": 1.7028151789893162e-05, "husa.us": -0.004962373660103383, "imo.us": 0.00036738326976630016, "int.us": 0.0004729245048160333, "io.us": -0.0008410431281159407, "lgcy.us": -0.0003902254344910724, "lng.us": -0.00011238299415480023, "mcf.us": 4.3575983909214575e-05, "mdr.us": -0.0006351317246688012, "mmlp.us": -0.00015790507719758802, "mmp.us": 0.000963263118076919, "mro.us": -4.4999402596058874e-05, "mtrx.us": 0.0008016128662125572, "mur.us": 0.0002736415801783673, "mvo.us": -0.0013167873588995195, "nbl.us": 0.00021579539248482412, "nbr.us": -0.0006144891056671059, "ne.us": -0.0005574150645494297, "nfg.us": 0.000216998764185504, "nfx.us": -0.00026611755681776026, "ngs.us": 6.704815768496585e-05, "noa.us": -4.005852826910907e-05, "nog.us": -0.0010167558115757366, "nov.us": 0.00021104866700556558, "nr.us": 0.0008167146289594577, "nrt.us": -0.0001939493550686758, "ns.us": -0.00016149377050597114, "obe.us": -0.0008310899823384704, "oii.us": 0.0003480080126332593, "ois.us": 0.0005188942622500203, "oke.us": 0.0008267400438970867, "oxy.us": -0.0002397989843026855, "paa.us": 0.0003960930362854884, "pbr.us": -0.0013175812782327298, "pbt.us": -0.0006079667696513522, "pds.us": 3.2031036084991344e-05, "pes.us": -0.0006829668511755865, "phx.us": 0.0009455182070338118, "pten.us": -3.73130642185355e-05, "pxd.us": 0.007575664821505972, "rdc.us": -0.00017876113687215214, "ren.us": -0.0014038554458214838, "res.us": 0.00010400968102342294, "rig.us": -0.0019280839351332934, "rrc.us": -0.0001535479323829992, "sbr.us": 0.00016542007750913987, "sdrl.us": 0.0010059844617260562, "sgu.us": -5.448409632106341e-05, "shi.us": -0.00038190831852074323, "sjt.us": -0.00013571632177523284, "slb.us": -7.170401601117717e-05, "sm.us": -4.322291934791355e-05, "snmp.us": 7.756629632803208e-05, "snp.us": 0.00016044354220172717, "spn.us": -7.98006617590933e-05, "ssl.us": 0.0006531133275385495, "su.us": -0.000195570208800936, "swn.us": -0.00037161288654521783, "tat.us": -0.0004542752996806612, "tdw.us": -0.00017927451395810195, "tell.us": -0.0010713191147840983, "tga.us": 0.00014386572510028298, "tgc.us": 0.0008725338933805843, "tk.us": 0.0008553158587694357, "tlp.us": -0.0003888534622507727, "tot.us": 0.00022231180169693328, "trp.us": -0.00046791064162424124, "ts.us": 0.00027001069177747, "tti.us": -0.00024997503716471997, "ugp.us": -0.0003277563826807556, "unt.us": -0.00015539513299382462, "useg.us": -0.00024742832451050403, "vlo.us": 0.0003832838453108919, "wes.us": 0.001409123421617121, "wft.us": -0.0003707258649958057, "wll.us": -0.000621069862129932, "wmb.us": 0.0006408721832435702, "wti.us": -0.0003591754190576849, "xec.us": 0.00045256927843962, "xom.us": 0.000535825151204509, "zn.us": -0.004705147485103627}