{"a.us": 0.000534852234301729, "abc.us": 0.0006589909507631541, "abio.us": -0.005740456363766665, "abt.us": 0.0002774773188229092, "acad.us": 0.0003932478450177213, "acer.us": -0.005325323932505788, "acet.us": 0.0009530846414908681, "achn.us": -0.00016129049621975444, "achv.us": -0.002471362602072779, "acor.us": 8.190029234661324e-05, "adxs.us": -0.008906502759971442, "aezs.us": -0.005308259271456613, "agen.us": -0.0023964059383920614, "agn.us": 0.0006471186338312223, "akrx.us": 0.0014707669586012052, "albo.us": -0.002470854338536858, "algn.us": 0.0006817566579030816, "alks.us": 0.0010652624965514323, "alny.us": 0.0008770265765866104, "alt.us": -0.002064340576623289, "alxn.us": 0.0008949112122534884, "amag.us": 0.00022377172756016012, "amed.us": 0.0010784414939517906, "amgn.us": 0.00092684170467063, "amn.us": -0.00017141874565235763, "ango.us": 0.00017112466336280803, "anik.us": 0.0008616432705291624, "anip.us": -0.0016118539515633185, "antm.us": 0.0008915573506508093, "aray.us": 0.0010653802184859317, "arql.us": -0.0002779389001766958, "arry.us": -0.000798878662057119, "atec.us": -0.001471275600440523, "athx.us": -0.0034872585278818004, "atrc.us": 0.0015628667849501214, "atrs.us": -0.001971138112809624, "avdl.us": 0.001944763930068795, "azn.us": 0.0009547615236413126, "baby.us": 0.0007146017091676926, "bax.us": 0.00013611836778800845, "bcrx.us": -0.0008891736632277206, "bdsi.us": -0.0012513831698702975, "bdx.us": 0.0004070620278232598, "beat.us": 9.956385293196661e-05, "biib.us": 0.0009069463618403952, "bio.us": 0.0006693728771357544, "biol.us": -0.0009173913460664408, "bios.us": -0.0002536413713318349, "bkd.us": 0.00012893050549353044, "bmy.us": 0.0007457170028352971, "brkr.us": 0.0007863783316517265, "bsx.us": -3.7818222898815205e-06, "btx.us": -0.0020328473679335395, "cah.us": 0.00047683876311986883, "cbio.us": 0.0003785421513769512, "cbli.us": -0.0044503757615655766, "cbm.us": 0.0007411343497002017, "celg.us": 0.0006242947727173039, "cers.us": -0.00039566858437963686, "cgen.us": -0.00036173024136117296, "che.us": 0.0008742803775126049, "ci.us": 0.0008717392246321232, "clbs.us": -0.008142159256098819, "cldx.us": -0.0005308901470534425, "clsn.us": -0.004984527196393308, "cmd.us": 0.0011740136142443791, "cnc.us": 0.001327177891766666, "cnmd.us": 0.0005043167439110326, "coo.us": 0.0007019447611323361, "cort.us": 0.000627304076204163, "cprx.us": -0.001117375211417988, "cris.us": -0.001196009225198559, "crl.us": 0.00045735134987028253, "cry.us": 0.0007417012347283192, "csii.us": 0.0008260413712888769, "csu.us": 0.001041171844583565, "ctso.us": -0.0015668260720693565, "cur.us": -0.0018093571271027157, "cutr.us": 0.0015624243516598085, "cvm.us": -0.007685480541603022, "cvs.us": 0.0008189465083743828, "cycc.us": -0.0033706578796117294, "cyh.us": -4.09332779381073e-06, "cytk.us": -0.0019503116478653574, "cytr.us": -0.004149296646531722, "cytx.us": -0.005085471358584779, "dgx.us": 0.0004887369902891944, "dhr.us": 0.000645460934329234, "drrx.us": -0.0010710156966831591, "dva.us": 0.0004938365617106783, "dxcm.us": 0.0017089842130383708, "ebs.us": 0.001091309096362608, "elgx.us": 0.0015972129189590909, "endp.us": 0.0009123325660964882, "ensg.us": 0.0012038612226366592, "enz.us": 0.001112937627845796, "ew.us": 0.0007742878410257635, "exel.us": -0.0019847719939306984, "fms.us": 0.0003417318747873124, "fold.us": -1.2401704810651448e-05, "fve.us": 9.636276770384133e-05, "gen.us": 0.00010404477650030818, "gern.us": -0.0009499618129543077, "ghdx.us": 0.0009530340364142019, "gild.us": -6.848103808873207e-06, "gsk.us": 0.0004938714830006392, "gtxi.us": -0.0009015449158511008, "hae.us": 0.0009736769386712447, "halo.us": -0.0008018320017232553, "hbio.us": 0.0006987753035888215, "heb.us": -0.0007686425732358721, "holx.us": 0.00035301751287519854, "hrc.us": 0.0008131892506596461, "hsic.us": 0.0007148069109644446, "hum.us": 0.008334948859119212, "iart.us": 0.0006341174847698041, "iclr.us": 0.001167075438041788, "icui.us": 0.000782665448283587, "idxx.us": 0.0010761130133870626, "ilmn.us": 0.0014409405517447995, "imgn.us": -0.0002775149189188697, "immu.us": -0.0009733366937172661, "incy.us": 0.0014631506974014763, "infi.us": 0.0018353582410402588, "ino.us": -0.007626704644254044, "isr.us": -0.0032718665838477557, "isrg.us": 0.0005616703339433941, "itgr.us": 0.0005955759582934127, "ivc.us": -0.0003033390228050691, "jnj.us": 0.00024733312175025205, "kool.us": 0.0017796865446482488, "lci.us": 0.0008016653765862367, "lgnd.us": 2.866180205587049e-05, "lh.us": 0.0006198048155179775, "lhcg.us": 0.00014332322346458933, "lly.us": 0.0002851660847017428, "lmnx.us": 0.000248224895474907, "lxrx.us": -0.0018070845594555824, "masi.us": 0.00027184484689999976, "mck.us": 0.0006079551169589351, "md.us": 0.0007997751295142687, "mdgl.us": -0.0020033512741211633, "mdt.us": 0.00032839355440064585, "mgln.us": 0.0003701622781218407, "mmsi.us": 0.0003786145019869641, "mnta.us": 0.00030592351147534704, "moh.us": 0.0013684314653020686, "mrk.us": 0.0002214559359039618, "mtd.us": 0.0011458761908241548, "mtem.us": -0.0015899459508049068, "mygn.us": 0.000606662159979144, "myl.us": 0.00048255349888684393, "nbix.us": 0.0007995272362061956, "nby.us": -0.003845771980228102, "neog.us": 0.0019328657026950957, "nhc.us": 0.00038182951440295863, "nuva.us": 0.0006951567534320336, "nvax.us": -0.002168946110980327, "nvln.us": 0.001562139292847413, "nvo.us": 0.0005932649166471891, "nvs.us": 0.00016824711642974457, "nxtm.us": 0.001335533706390987, "nymx.us": -0.002711101987797704, "ofix.us": 0.0004958609209942794, "omer.us": 0.0005063927667561898, "omi.us": 0.00013684120756623784, "opk.us": 0.0008100122310835552, "pbh.us": 0.0009338941601570694, "pdco.us": 0.0008322794028394241, "pdli.us": -0.0008591956475625774, "pfe.us": 0.0003777963351705082, "phg.us": 0.00031408945959163627, "pki.us": 0.0003803767968051701, "plx.us": -0.00035372243052207264, "podd.us": 0.001246827148413599, "pran.us": -0.002009640485727934, "prgo.us": 0.0009846424903936068, "prsc.us": 0.001225092612458152, "psti.us": -0.002189531951679803, "ptie.us": 0.0007775406260196085, "qdel.us": 0.0005139443308588433, "qgen.us": 0.0004646017268415855, "rdnt.us": 0.001105813323459321, "rdy.us": 0.0001977508480237911, "regn.us": 0.0013887875108955364, "rgen.us": 0.0015272874941946264, "rigl.us": -0.00016885321155135535, "rmd.us": 0.0007955448911827073, "rmti.us": -0.0017012490163590503, "rnn.us": -0.006785184260296779, "rtix.us": -7.755611020502257e-05, "sem.us": 0.0002708032212301508, "sgmo.us": -9.2379708760496e-05, "snn.us": 0.000943056311761534, "snoa.us": -0.004791868902364168, "sny.us": 0.0004909798845781525, "sppi.us": -0.0006647155028043929, "srdx.us": -4.8028282154589726e-05, "srpt.us": -0.002439371030475172, "sskn.us": -0.006261315548851677, "staa.us": 0.001307784690613935, "ste.us": 0.000686688012921994, "sva.us": 0.0003389762581992202, "svra.us": -0.00488116915395763, "syk.us": 0.00037307593807705153, "syn.us": -0.0028327940294305192, "tech.us": 0.00032310152817542533, "tenx.us": -0.006166431397623409, "teva.us": 9.332796341023338e-05, "tfx.us": 0.0007046040271777816, "thc.us": 0.0004950393327223807, "tmo.us": 0.0006379271213921263, "trib.us": 0.0026689081777843304, "ttnp.us": 0.003219525861368393, "tvty.us": 0.001141561099690264, "uhs.us": 0.00046025823690227564, "unh.us": 0.0009495177005142583, "usph.us": 0.0010095520210068466, "uthr.us": 0.0005540992364057203, "var.us": 0.0007382777875812261, "vcel.us": -0.002542197481642836, "veru.us": -0.00025292429541922936, "vicl.us": -0.001586073547602733, "vivo.us": 0.0003268071064837831, "wat.us": 0.0006647932213638754, "wcg.us": 0.0005649274712496395, "wst.us": 0.0010380497394958542, "xoma.us": -0.0022942772335874774, "xray.us": 0.000628579171525449, "zbh.us": 0.0006416844491427141, "ziop.us": -0.00048448775545116226}