{"aapl.us": -0.0003443472906864622, "aciw.us": 0.001478917216148153, "acls.us": -0.00038473453064486444, "acn.us": 0.001265236823506852, "adbe.us": 0.0007454084119452095, "adi.us": 0.0004931877832553938, "adsk.us": 0.0010059522613461171, "adtn.us": 7.173969848011702e-06, "aeis.us": 0.0005932399101439965, "agys.us": 0.0008313609132364081, "akam.us": 0.00033736997529085926, "allt.us": -9.787683930340077e-05, "amat.us": 0.00042353898362344766, "amd.us": -0.0014764303634857234, "amkr.us": 8.27768127327e-05, "amsc.us": -0.0034698202807966014, "amswa.us": 0.0011567472830063628, "anss.us": 0.0007832086576963667, "aph.us": 0.0005949017340720857, "arrs.us": 0.0002458681418444809, "arw.us": 0.0004068374701746445, "asml.us": 0.0002153959100659408, "asx.us": 0.00045112294087694773, "asys.us": -0.0004043206538796721, "athn.us": 0.0015467666001082606, "atvi.us": 4.7082604434188194e-05, "audc.us": 0.002039276098981816, "auo.us": -0.000993568956779096, "avgo.us": 0.00039660447847232594, "avid.us": 0.0006818365940204035, "avnw.us": -0.0004933327653931846, "avt.us": 0.00016391532360274694, "avx.us": -0.00032828304680744314, "axti.us": -0.0002187189102634433, "ayi.us": 0.0010813279706270561, "azpn.us": 0.001022189908609572, "bb.us": -0.0015077590289016814, "bdc.us": 0.0007958335353010221, "belfb.us": 0.0003170841232857815, "bhe.us": 0.00010420576881492326, "bidu.us": -0.0003271220412021526, "blkb.us": 0.0014417013043688419, "bmi.us": 0.0007557939511925833, "brks.us": 4.095373232592871e-05, "caci.us": 0.0006659957264922581, "camp.us": 0.0005225268201877933, "ccmp.us": 0.0007712232859113906, "cdns.us": 0.0010793204470070715, "cern.us": 0.0005001877702308403, "ceva.us": 0.0006087450250518466, "cgnx.us": 0.0012277146581762429, "chkp.us": 0.0006674310030401107, "cien.us": -0.0003266383539533823, "clfd.us": 0.0014394635080249892, "cls.us": 0.0004986521691316067, "cmtl.us": -0.00024424762318766305, "cntf.us": -0.0002895702262662396, "cnxn.us": 0.0004543370500332416, "cohr.us": 0.0011156242566149716, "cohu.us": 0.0004756877134548497, "cpsi.us": 0.0003921700319737538, "cray.us": 0.00120973812866971, "cree.us": 0.00010196573824464325, "crm.us": 0.0007665169639852886, "crnt.us": -0.0020139923311142537, "crus.us": 4.5427044503444716e-05, "csco.us": 0.00038479724106183226, "csgs.us": 0.0006250069790241958, "csiq.us": -0.0014541299449798068, "ctg.us": 0.00105050218477518, "cts.us": 0.0010814744399839644, "ctsh.us": 0.00044664733409391307, "ctxs.us": 0.00028832702804254003, "cvlt.us": 0.001723681680774091, "cy.us": 0.0005847042634326608, "cyou.us": -0.00016488166643305365, "dakt.us": 0.00020922320923381278, "dbd.us": 0.00017184883216796708, "dgii.us": 0.0012119287385429307, "diod.us": 0.0004167049116573695, "dmrc.us": 0.0006109646971384214, "dox.us": 0.0009291214806906074, "dspg.us": 0.0008617921658556035, "dzsi.us": 0.003430077355343131, "ebix.us": -0.0002807869985442926, "efii.us": 0.0015453968396807987, "egov.us": 0.0010816653977167162, "eman.us": 0.000902406380317038, "emkr.us": 0.0016950371186205387, "enr.us": 0.0008608273732027842, "ens.us": 0.00037938667494981506, "entg.us": 0.00038770795665827717, "epay.us": 0.0015015097152922554, "eric.us": 4.6998806314085385e-05, "ese.us": -0.00022331383502449768, "evol.us": 0.00257676817750924, "exfo.us": 0.0009503483472901239, "extr.us": 0.0002203420750856765, "faro.us": 0.0009138350491717417, "ffiv.us": 0.00038170821996282543, "fico.us": 0.0013945856827293217, "flex.us": 0.0008701495647362294, "flir.us": 0.00045692744621747333, "fnsr.us": 0.00025366044938636705, "form.us": -0.00046808639370863356, "fslr.us": -0.001567358285225547, "ftnt.us": 0.00011643205842985328, "gib.us": 0.0013142946205878928, "gigm.us": 0.00037464446136354745, "gilt.us": -0.00028366544792953646, "gluu.us": -0.0012090207254207043, "glw.us": -0.0003370119105986335, "googl.us": -0.00044515816380134133, "grmn.us": 0.0004552434280455407, "gsit.us": 0.0003434207381787291, "himx.us": 0.00012795771140665808, "hlit.us": 0.0011248084289160257, "hpq.us": 0.0004995938317377175, "hrs.us": 8.740463993647168e-05, "hstm.us": 0.001148817058335447, "hurc.us": 0.0012060174995319286, "iac.us": 0.0006579930568487097, "ibm.us": 0.0007235775588382031, "icad.us": 0.00028128890252924435, "idsy.us": -0.0016273255917669384, "idti.us": 0.0009695489099069166, "iivi.us": 0.0005579613113943563, "immr.us": 0.0006163409753488674, "inap.us": 0.0004878494386063574, "infn.us": 5.520346878097748e-05, "infy.us": 0.0004217232399433046, "inod.us": 0.0003389823753506391, "insg.us": 0.00019572644383311397, "intc.us": 0.0005869006778327516, "intu.us": 0.0012143842804350905, "ipgp.us": 0.0009096579028313703, "irbt.us": -4.9802565620495694e-05, "it.us": 0.0016307000473487255, "iti.us": 0.00045113194812654203, "itri.us": -3.659542834437098e-05, "itrn.us": 0.0005923592076347714, "ivac.us": 0.00039380256283907267, "jbl.us": -2.5567407700172916e-05, "jcom.us": 0.00010036666717337936, "jcs.us": -0.0005051845674780535, "jnpr.us": 0.0007264185546762387, "kem.us": 0.000420177915236717, "klac.us": 0.0008048440411845132, "klic.us": 0.000491644426678461, "kopn.us": 0.0003132431203187032, "ktcc.us": 0.00021946125490838065, "kvhi.us": 0.0012133713824558174, "ldos.us": 0.0008306280957464473, "lfus.us": 0.0008148497588587704, "llnw.us": -7.628869537728844e-05, "logm.us": 0.0005959004322750403, "lorl.us": 0.0010111823222063547, "lpl.us": -0.0003318394663634075, "lpsn.us": 0.0003551133034490573, "lrad.us": 0.0025561669540898474, "lrcx.us": 0.0006267405235867398, "lscc.us": 0.00015388517966872676, "lyts.us": 0.0005604584392262501, "manh.us": 0.0014504869595940888, "mant.us": -3.0633779965510204e-05, "mchp.us": 0.00018583895700728285, "mdrx.us": 1.0361872985941436e-05, "mdso.us": 0.001589956722751453, "meet.us": -0.0005983680716090842, "mei.us": 0.00028413974495533395, "mgic.us": -0.0008816614462813012, "mind.us": -0.0006192877941645746, "mitk.us": 0.002250013600093284, "mksi.us": 0.0006431738719539696, "mlnx.us": 0.0009281059588791708, "mndo.us": 9.109993896396142e-05, "mosy.us": 0.0002172192519254663, "mpwr.us": 0.0010120525480678978, "mrcy.us": 0.0006296150829132991, "mrvl.us": -0.0003908155039573925, "msft.us": 0.0003391083210477244, "msi.us": 0.0013579540478770701, "mstr.us": 0.0009071882364274167, "mtsc.us": 0.0012952089318869831, "mu.us": -0.0008609374762738411, "mvis.us": -0.006072937544121057, "mxim.us": 0.0005936026735840251, "mxwl.us": -0.00047410579733952947, "nano.us": 0.0007287725670564405, "nati.us": 0.0014400967120966107, "ncr.us": 0.0007813076642427222, "ncty.us": -0.0013226570383855947, "nice.us": 0.0006374040846205459, "nok.us": -0.0005775584901022286, "novt.us": 0.0033635016258968305, "nsit.us": 0.00036626155878488457, "ntap.us": 0.0006336974598697066, "ntct.us": 0.0006889484890800806, "ntes.us": -0.00011155532195382087, "ntgr.us": 0.00091216662089788, "ntwk.us": -0.003789511506132145, "nuan.us": 0.00028175322926188285, "nvda.us": -0.00020958053281416733, "nvec.us": 0.0010691777633354748, "nvmi.us": -0.0006796489808800956, "oesx.us": 0.0026442962358588684, "oiim.us": 0.0018056894277121115, "oled.us": -0.00011030332524184305, "omcl.us": 0.0010652847860519498, "on.us": 9.468139590322086e-05, "orbk.us": 0.0010885477727908385, "orcl.us": 0.0005854264353634554, "osis.us": 0.0010583987516619663, "otex.us": 0.0002450575723288017, "pcti.us": 0.0010758965812624895, "pdfs.us": 0.0025641902243073917, "pega.us": 0.00035767795830292577, "pke.us": 0.0006680295580029196, "plab.us": 0.00028352167902682133, "plt.us": 0.0008296365848987425, "plus.us": 0.0013679854684903365, "plxs.us": 0.0006137448991816872, "powi.us": 0.0011131442119937012, "prft.us": 0.0016224993930586242, "prgs.us": 0.001116722149496769, "pro.us": 0.0013543315411508347, "pxlw.us": -0.0002039439870764178, "qcom.us": 0.0002528985960288163, "quik.us": -0.00013478504395069386, "qumu.us": 0.00026897859833636826, "rbcn.us": -0.0011658210916588557, "rdwr.us": 0.000977794430709571, "refr.us": -7.605505040348171e-05, "rell.us": 0.00025813492458944486,