{"apu.us": 0.007499999999999983, "artna.us": 0.024999999999999967, "awk.us": 0.019938933922506133, "cdzi.us": 0.007499999999999983, "cpl.us": 0.02088758773231219, "duk.us": 0.020712910808316422, "ed.us": 0.018012446155815046, "kep.us": 0.007499999999999983, "ngg.us": 0.024999999999999967, "pam.us": 0.007499999999999983, "pcg.us": 0.007499999999999983, "ppl.us": 0.020643817591815435, "so.us": 0.024999999999999967, "sph.us": 0.016734093051900746, "tgs.us": 0.007499999999999983, "xel.us": 0.013070210737333639, "bti.us": 0.02500000000000004, "cl.us": 0.018719788426170014, "core.us": 0.019598221345834842, "dltr.us": 0.007500000000000005, "hsy.us": 0.02500000000000004, "iba.us": 0.012669773085624773, "kr.us": 0.02500000000000002, "lway.us": 0.007500000000000005, "mkc.us": 0.010173176419466572, "pg.us": 0.02500000000000002, "sam.us": 0.01633904072290378, "ths.us": 0.02500000000000002, "tues.us": 0.007500000000000005, "wmt.us": 0.02500000000000004, "bkt.us": 0.02500000000000004, "btz.us": 0.02500000000000004, "cb.us": 0.007500000000000005, "egf.us": 0.02500000000000004, "fdef.us": 0.007500000000000005, "jof.us": 0.009526078086907117, "mcr.us": 0.007500000000000005, "mfg.us": 0.007500000000000005, "mmc.us": 0.017251099815181373, "mqy.us": 0.007500000000000005, "mrln.us": 0.007500000000000005, "mui.us": 0.007500000000000005, "smfg.us": 0.008812630511370056, "swz.us": 0.021214966178268797, "tdf.us": 0.010483630680640321, "tree.us": 0.013121699758917036, "tst.us": 0.007500000000000005, "wiw.us": 0.02500000000000004, "wltw.us": 0.009589894968715217, "bt.us": 0.02500000000000004, "ccoi.us": 0.011299111248407023, "chl.us": 0.007500000000000005, "cht.us": 0.007500000000000005, "cmcsa.us": 0.02500000000000004, "dish.us": 0.019026661691407955, "idt.us": 0.007500000000000005, "lbtya.us": 0.022666865556218156, "lbtyk.us": 0.02500000000000004, "sbac.us": 0.009507361503966739, "tkc.us": 0.02500000000000004, "tu.us": 0.02500000000000004, "utsi.us": 0.007500000000000005, "vod.us": 0.02500000000000004, "vz.us": 0.007500000000000005, "parametros": [0.03, 0.1, 0.001, 0.05, 0.25, 0.001]}