{"aee.us": 0.0004314471809028571, "aep.us": 0.00014426200247353362, "aes.us": 6.352085032067004e-06, "ale.us": 0.00016787710078979435, "apu.us": -0.00040511593611081495, "artna.us": 9.34646736513763e-05, "at.us": -0.0003997008144878639, "ato.us": 0.00048492830307867205, "ava.us": 6.248605467538211e-05, "awk.us": 0.00016099873677947828, "awr.us": 0.0002040510199519775, "bip.us": -0.0006899619879291503, "bkh.us": 0.00012006668475236322, "cdzi.us": -0.00043296277681084157, "cig.us": -0.0006818207505993679, "cms.us": 0.00040159387354027896, "cnp.us": 0.00020271232014823764, "cpk.us": 0.0009105542359968764, "cpl.us": 0.00023181459863809767, "ctws.us": 0.0001805012809922885, "cwco.us": -0.0009062020578009366, "cwt.us": 0.00010232603180065558, "czz.us": -0.00033279245540271044, "d.us": 0.0005492796457124608, "dte.us": 0.0005101878937190618, "duk.us": 0.0002254476934781387, "ed.us": 0.0003332419245402757, "ee.us": 0.0004532738446662978, "eix.us": -0.0009123800934136766, "elp.us": -0.000294767038882264, "es.us": 0.00042181187477843596, "etr.us": 9.306302258698343e-05, "exc.us": -0.0001670652357016697, "fcel.us": -0.005054730853302644, "fe.us": -0.00014095804326600385, "he.us": 0.00022436698406952353, "ida.us": 0.0002431920334042721, "kep.us": -0.0006453464049253262, "lnt.us": 0.0005862150797530963, "mgee.us": 0.0002429214753000526, "msex.us": -0.0002207375909503447, "nee.us": 0.0006517871794822171, "ngg.us": 0.001048148978547347, "ni.us": 0.0007346333196251261, "njr.us": 0.00020265155644536915, "nrg.us": -7.454385504429231e-05, "nwe.us": 0.0003905420157261777, "nwn.us": 0.0002444430211182559, "oge.us": 0.0003418144009893495, "ora.us": 0.00019292029535351036, "ottr.us": 0.000383675183665482, "pam.us": -0.000183859883109861, "pcg.us": 0.03637619433752401, "peg.us": 4.708259204851743e-05, "pnm.us": 0.0005172742176216115, "pnw.us": 0.0003475932807908332, "por.us": 0.0001716452451286809, "ppl.us": -0.00032402643298424263, "sbs.us": 0.0004238378903446905, "sji.us": 0.0003206215231625016, "sjw.us": 0.00023934997627255152, "so.us": 0.0003646567106101927, "sph.us": -0.00039465292442048363, "sr.us": 0.00045208738524406847, "sre.us": 0.0006631648303529614, "swx.us": 0.000571511199934685, "tac.us": -0.0007407221753715618, "tgs.us": -0.0025117942683547207, "ugi.us": 0.000515710707971797, "utl.us": 0.000103138382015441, "wec.us": 0.0005371597448800953, "wtr.us": 0.0005289655689109887, "xel.us": 0.0003793008796805802, "yorw.us": -0.0001595782005652236}