{"aap.us": 0.0008550022019351485, "abg.us": 0.0008096357606990328, "aeo.us": 9.907375053106252e-05, "ahc.us": 0.0005294488177021197, "ain.us": 0.0007001210121919491, "alv.us": 0.0002909146988599323, "amwd.us": 0.0007997042975886628, "amzn.us": 0.0006892056027493387, "an.us": 0.0005461195445782377, "anf.us": -5.011295259055229e-05, "asna.us": 7.809926220523559e-05, "atr.us": 0.0006149649624215594, "axl.us": -0.00023690463674087297, "azo.us": 0.0009298650395719626, "bbby.us": 0.00039538681790520874, "bbw.us": 0.0018705570787954145, "bby.us": -8.152508900483664e-05, "bc.us": 0.0007779173977253569, "bel.us": 4.599724942206572e-05, "bgfv.us": 0.0001514728146261028, "bh.us": 0.00036283659635623556, "bid.us": 0.0006323378176016959, "bjri.us": 0.0009453237873517835, "bke.us": -2.5367385438474096e-05, "bks.us": -0.0011231833171120396, "bll.us": 0.0007561508028479036, "bms.us": 0.0006028867591007698, "bset.us": 0.0016571847705244254, "btn.us": -0.00048379342366177796, "bwa.us": 0.0008664928473742876, "byd.us": -0.0005640854726108199, "bzh.us": -0.0018938261081036442, "cake.us": 0.000574597493003393, "cal.us": 0.0006558994458936372, "cato.us": 0.0007043987588964014, "cbd.us": 2.2975413692058348e-05, "cbk.us": -0.0005111652109192717, "cbrl.us": 0.0005914847078312649, "cbs.us": 0.0008293667243189143, "cck.us": 0.0005132254769524878, "ccl.us": 0.00011724994943573938, "cco.us": 0.0006336215744578268, "cetv.us": -0.0017403547324165301, "chdn.us": 0.0009367018930502693, "chh.us": 0.001062259356226752, "chke.us": 0.0008081570374231707, "chs.us": -0.0002734210367081177, "club.us": 0.001706627111288076, "cmg.us": 0.0011534399556194835, "cmpr.us": 0.0010250039354838887, "cnk.us": 0.0005168845423941905, "cnty.us": 0.0013737617453575865, "colm.us": 0.001428899845351063, "conn.us": 0.0009463450621747212, "cprt.us": 0.0008577120767222899, "cri.us": 0.0007899766516664827, "crmt.us": 0.0006868881771921481, "crox.us": 0.0004951155502154878, "css.us": -0.0001887077776819276, "csv": 0.000687805804339807, "ctb.us": -3.2137495919001584e-05, "cthr.us": 0.0020852168708170088, "ctrn.us": 0.0007533112935685324, "ctrp.us": -1.3295737932818242e-05, "cuk.us": 0.00018635724845359513, "culp.us": 0.00076823321158592, "cvco.us": 0.0004885870678415536, "cvgi.us": 0.00024375966593096756, "cxdc.us": -0.002287936094553965, "dan.us": 4.048934299481248e-05, "dave.us": 0.003509975431336274, "dde.us": -0.002625161547449649, "dds.us": 0.0010701053061438928, "deck.us": 0.0001929248194384837, "denn.us": 0.001371861743801008, "dest.us": 0.0008206004959557386, "dhi.us": -4.8914268580533694e-05, "din.us": 0.0008176514641985816, "dis.us": 0.0006856630952896811, "disca.us": 0.0007118123429604253, "disck.us": 0.00129856488151236, "dks.us": 0.0002063540491490393, "dlb.us": 0.0004182014658990655, "dorm.us": 0.0015041901208298076, "dpz.us": 0.001376359657342531, "dri.us": 0.0005989300724844063, "dsw.us": 0.0004835500339696, "dxlg.us": 0.0015119766782582082, "eat.us": 0.0008743056937315811, "ebay.us": 0.0004264567586871365, "ely.us": 0.0002936904257699916, "emms.us": 0.0008030486798884203, "eth.us": 0.0005084460741760195, "etm.us": 0.0005850781699197816, "evc.us": 0.0005109258576002023, "evlv.us": 0.00036438939405696155, "expe.us": 0.0006180868847598017, "f.us": -0.0008100788348980602, "fl.us": 0.00014022273237231529, "fll.us": -0.0015794860525162732, "flws.us": 0.00014792656636247224, "flxs.us": -3.3366717041455324e-05, "fosl.us": 0.0009925210910485189, "fox.us": 0.0009305215609845339, "foxa.us": 0.0008595369011105435, "fun.us": 0.0014772687594479929, "fwona.us": 0.001316041621428395, "gaia.us": 0.001013490581887583, "gco.us": 0.0005792047085113607, "gden.us": 0.0007705159917709189, "gef.us": 2.1284942784000037e-05, "ges.us": -5.067498580642716e-05, "giii.us": 0.0008855482810861174, "gil.us": 0.0005207048019318752, "gme.us": 0.0003497261678833579, "gntx.us": 0.00023506585269919499, "gpc.us": 0.00038085977927701997, "gpi.us": 0.0010071423162621527, "gpk.us": 0.000690010447888433, "gps.us": 0.0007353036218709105, "gt.us": -0.0003834923770985883, "gtn.us": 0.0005145182785721883, "h.us": -3.447530023373306e-05, "has.us": 8.246793363610519e-06, "hbi.us": 0.0008270776648061264, "hd.us": 0.000864114281465236, "hhs.us": -0.00030252922269240537, "hibb.us": 0.0005555349718085182, "hmc.us": 0.00044238898293303693, "hoft.us": 0.00010800034408344766, "hog.us": 0.0006874460897159301, "hov.us": -0.0027301173638458486, "hrb.us": 0.0005733049283576887, "hvt.us": 0.0008052303720312386, "hzo.us": 0.0008540682285516998, "icon.us": 0.0005216365543549761, "ihg.us": 0.0006426389808691821, "imax.us": -0.00018017100081525798, "inwk.us": 0.0012485740291576504, "ip.us": 0.0002487058901183823, "ipg.us": 0.0006668660728783196, "isca.us": 0.0003683918016783551, "jack.us": 0.0010862480443397157, "jakk.us": 0.00019360425325150825, "jcp.us": -0.0012424518028237744, "jwn.us": 0.0007861104106607897, "kar.us": 0.0015353914863895889, "kbh.us": -0.0002030887608393231, "kirk.us": 0.00031844627782078223, "kmx.us": 0.0006633353141276925, "kona.us": 0.0024333843839040347, "kss.us": 0.0005245593218555133, "lad.us": 0.001312888285852715, "lb.us": 0.00117456797332952, "lby.us": 0.0018607025396529529, "lcii.us": 0.0008904020368055511, "lcut.us": 0.0013894315730664925, "ldl.us": 0.0013471689192537137, "lea.us": 7.647478471832296e-06, "lee.us": -0.0017950284121282165, "leg.us": 0.0006804232263311889, "len.us": 9.917497314161942e-05, "lkq.us": 0.00039240498574137633, "ll.us": 0.0007525788693374028, "low.us": 0.0009973252792747048, "lqdt.us": 0.0009148246605881846, "lub.us": 0.000262182689379471, "lulu.us": 0.000710529601985103, "lvs.us": -6.0943057904414955e-05, "lyv.us": 0.0006450889985848247, "lzb.us": 0.0008842866252442816, "m.us": 0.0006010159795105782, "mar.us": 0.0009100077210212729, "mat.us": 9.469035942492342e-05, "mcd.us": 0.00019619434316637649, "mchx.us": 0.0006054273743862693, "mcri.us": 0.0007588864416724495, "mcs.us": 6.156606983441081e-06, "mdc.us": -0.0006243429143211146, "mdca.us": 0.0014837058523373395, "mdp.us": 4.4104641309658166e-05, "med.us": 5.62184638400238e-06, "meli.us": 0.00029836905777506776, "mga.us": 0.0002901948006461018, "mgm.us": -0.0008031643400862053, "mhk.us": 0.0004213502105759882, "mho.us": 0.00040517741598767497, "mlco.us": -0.0003605384183112663, "mlr.us": 0.0008786531826971391, "mni.us": -0.00031167417716304027, "mnro.us": 0.0012848025083148915, "mod.us": 1.0398923341250792e-05, "mov.us": 0.0005111012748888182, "mpaa.us": 0.0011548979530861623, "mpx.us": -0.00021926463891894286, "mth.us": 0.0004070758551024655, "mtn.us": 0.0005649628796496781, "mye.us": 0.0002426486344385368, "ncmi.us": 0.00012128770300405667, "nflx.us": 0.0014422100988314111, "nke.us": 0.0008113201595592696, "nls.us": 0.0010201384191504377, "ntri.us": -0.00018112876102382126, "nvr.us": 0.0013574750974889329, "nxst.us": 0.002368107719805482, "nyt.us": -1.3974078953758274e-05, "odp.us": -0.0013587312871274342, "oi.us": -0.00010033313078826134, "omc.us": 0.00042492287675617243, "orly.us": 0.0013684363552231593, "ostk.us": 8.229447184102912e-05, "oxm.us": 0.0008702805374962699, "pag.us": 0.0005790885542903023, "pcmi.us": 0.000427218380589, "penn.us": 0.0007371074957912999, "phm.us": -0.00040270865657155715, "pii.us": 0.0008573403724608683, "pir.us": 0.000528019489450778, "pkg.us": 0.00034621883575214454, "plce.us": 0.0002509961428383979, "pool.us": 0.0013453124738491099, "prts.us": -0.0007010624771186671, "pso.us": 0.0008474647463242044, "pvh.us": 0.00040820018331288267, "pzza.us": 0.0011031848036918254, "rcky.us": 2.2918838523829117e-05, "rcl.us": 0.0006466869561163666, "relx.us": 0.0008479718095496775, "rgs.us": 0.0004254250338787939, "rick.us": -0.0009126242004537477, "rl.us": 0.000830116029847547, "rlh.us": 0.0006652660734675149, "rost.us": 0.0007466143007937454, "rrgb.us": 0.001268287068036155, "rusha.us": 0.0006084498234157437, "ruth.us": 0.0011850323698008216, "sah.us": 0.0008346123775236711, "sbgi.us": 0.0014258922306036005,