{"alsk.us": -0.0020879232197258076, "amt.us": 0.0006439084123872832, "amx.us": 0.0006210251160733504, "atni.us": 2.984731605353133e-05, "bce.us": 0.00011252812462433561, "bt.us": 0.0008250579118892398, "cbb.us": -0.0002540174847363116, "ccoi.us": 0.001158048797975043, "cel.us": -0.0012394310731419147, "cha.us": 0.00037104708480241254, "chl.us": 0.0003277016468224923, "cht.us": -1.97012659042082e-05, "chu.us": 0.00024967164693114253, "cmcsa.us": 0.0007306733486704489, "cnsl.us": 0.0004849072405307743, "ctl.us": -0.00012835787240293766, "dish.us": 0.0009288032044399288, "eght.us": 0.0006623471103669438, "ftr.us": -0.0008367045765230105, "gsat.us": -0.002605586905831402, "idcc.us": 0.0003151428109553441, "idt.us": 0.0014177026048260636, "ipas.us": 0.0006580067353119856, "irdm.us": -0.0007358551871194843, "kt.us": -0.0010153629900711532, "lbtya.us": 0.0014346233793698726, "lbtyk.us": 0.0021081823854001585, "mbt.us": 6.545618224955287e-05, "oran.us": 0.00029782688677667564, "orbc.us": 0.000817960023402326, "phi.us": -0.00041301596691562507, "ptnr.us": -0.00030694242825724503, "rci.us": 0.00023154812792912062, "sbac.us": 0.0007954150163081073, "shen.us": 0.001022966826648302, "sify.us": -0.001146939947354742, "sjr.us": 0.00041873015591217404, "skm.us": -0.00037573083938551336, "spok.us": 0.0007383100618203886, "t.us": -0.00015711643761354515, "tds.us": -0.0006027494269329944, "tef.us": 0.00014683351897447133, "teo.us": -0.00028894215645351766, "ti.us": -0.00018837956806664916, "tkc.us": 0.0010171920791509621, "tlk.us": 0.0002517642445343044, "tmus.us": 0.0006150985333175329, "tsu.us": 6.168020474964417e-05, "tu.us": 0.0006376537185657592, "usm.us": 0.00038017241534529046, "utsi.us": 0.0014903970589758074, "vg.us": 0.00078816373306088, "viv.us": -6.070603931376952e-05, "vod.us": 0.000874263481674409, "vz.us": 2.8802215058276085e-05, "win.us": -0.00027496426402366366}