{"abev.us": 0.0004125191391594806, "adm.us": 0.00017672509260794586, "alco.us": 0.0007641933951409521, "ande.us": 0.0009656425489938888, "apei.us": 0.000833293823483633, "atge.us": 0.00045237547599090005, "avp.us": -0.0006529167702710075, "bg.us": 0.00037540611667766336, "bgs.us": 0.000874551906098635, "big.us": 0.00047544138480061396, "bpi.us": -0.0005266121709253512, "brew.us": 0.0006317225465143315, "brfs.us": 0.0003548884193643372, "bti.us": 0.0007981556236939944, "bud.us": 0.0007634668036807612, "cag.us": 0.00047001361474774796, "calm.us": 0.00048291686684067716, "casy.us": 0.0007790724407199785, "ccu.us": -2.7957718888712373e-05, "ceco.us": -0.0003212252440772343, "cent.us": 0.0012887091139514736, "centa.us": 0.0006350126918729883, "chd.us": 0.0005899978998714152, "cl.us": 0.0007409003699106213, "clx.us": 0.0005105850436476384, "coke.us": -0.0006313231063017296, "core.us": 0.0015055951347379985, "cost.us": 0.0006602564056994402, "cot.us": -7.804422123830819e-06, "cpb.us": 0.0005798524407756388, "cresy.us": 0.00048044386779004137, "cvgw.us": 0.000956040677587685, "deo.us": 9.085182019076035e-05, "df.us": 1.1131777135328432e-05, "dg.us": 0.00036874964570032906, "dltr.us": 0.0006805657636385354, "edu.us": 0.0007174673832527747, "el.us": 0.0009587467406202185, "epc.us": 0.000887181833026597, "farm.us": 0.0006163191006524851, "fc.us": 0.0014887835308263337, "fdp.us": 0.0004967992440376874, "fizz.us": 0.0011508120095339632, "flo.us": 0.0005229261923202408, "fmx.us": 0.0005292343993298053, "fred.us": 0.0006453173241128357, "ftft.us": -0.0017006575802689192, "ghc.us": 0.00034520522108061016, "gis.us": 0.000527973173479309, "gpx.us": 0.0012295704567255703, "hain.us": 0.0006209575425481137, "hele.us": 0.0010806677580295538, "hlf.us": -0.00017820147076088734, "hrl.us": 0.0006773977511133534, "hsy.us": 0.001010080516028806, "iba.us": 0.0007961572044064729, "imkta.us": 0.0002302538201008949, "ingr.us": 0.0006047441534138647, "ipar.us": 0.0006318835236819732, "jbss.us": 0.0010147179718838501, "jjsf.us": 0.0009345727261787897, "k.us": 0.0004122368198176878, "kmb.us": 0.0004988710390506338, "ko.us": 0.0003360668654297764, "kof.us": 0.0005488934584853077, "kr.us": 0.0008439762893735577, "lanc.us": 0.0007469881744957173, "linc.us": -0.00027559137498361995, "lndc.us": 0.0010921846912825461, "lope.us": 4.684687339293988e-06, "lrn.us": -0.0001246188894735541, "lway.us": 0.0014760871878572446, "mdlz.us": 0.000608803573230229, "mgpi.us": -0.001077564999181459, "mkc.us": 0.0006944366064136057, "mo.us": 0.0005336514361642218, "nus.us": 1.0573640143573864e-05, "nwl.us": 0.0005732817345747484, "pep.us": 0.0005488591980154063, "pets.us": -0.0006224934093042114, "pg.us": 0.0006209395871343996, "pm.us": 0.0005994658583814486, "ppc.us": 0.00047275979862914714, "psmt.us": 0.0013809621234064386, "rad.us": -0.0006007396570432132, "rev.us": 0.00048111211958085483, "safm.us": 0.0004311501263846519, "sam.us": 0.0014728149765237811, "seed.us": -0.001312786051638168, "senea.us": -0.00010194221963841777, "sjm.us": 0.0004819305134485358, "sptn.us": 0.00031867996814477056, "stkl.us": 0.0009138713147202751, "stra.us": 0.00017750728433595016, "stz.us": 0.0010980832188044638, "sumr.us": -3.7914304790386116e-05, "syy.us": 0.00017401008230234308, "tap.us": 0.00027467082008681885, "tgt.us": 0.00025393202962905676, "ths.us": 0.0013967960704553473, "tis.us": 0.0007516729887903082, "tsn.us": 0.00048099358176867786, "tues.us": 0.00223491540536122, "ul.us": 0.0005778790686892311, "un.us": 0.0003854398730098413, "unfi.us": 0.0007125276507834973, "usna.us": 0.0011234287750207666, "uti.us": 0.00022958515178044683, "uvv.us": -0.0005363939324696614, "vgr.us": 0.000230964073486727, "vlgea.us": -0.0003487658968965755, "wba.us": 0.0008232713834750987, "wmk.us": -0.00020907000051851652, "wmt.us": 0.000628876366831731}