{"abr.us": 0.001094318150696552, "acc.us": 0.00012756685533750627, "adc.us": 0.0004707048957454933, "agnc.us": -0.00015679692031787774, "aht.us": 0.0011252650291609715, "aiv.us": 0.0007709122020969191, "akr.us": 0.0005164585310931189, "alex.us": 0.0006527828786991581, "anh.us": 0.0001634213621086444, "are.us": 0.007586995372790634, "ari.us": -0.00030959702447557326, "avb.us": 0.006458573875470156, "bdn.us": 0.00047629903162659296, "bfs.us": 0.0007032520386483789, "bxmt.us": 0.0008635776510282461, "bxp.us": 0.08084266527021484, "cbl.us": 0.0005801427346216981, "cci.us": 0.00046551494464867817, "cdr.us": 0.0003837458786946602, "cim.us": -0.0006821390679329387, "cli.us": -0.0003064322581010528, "cmo.us": -5.1081088426607604e-05, "cpt.us": 0.00030173714561905143, "csgp.us": 0.0012657208132578893, "cto.us": 0.0007018847042065769, "cuz.us": 0.0003548351857407608, "cxw.us": 0.0003320889765637869, "dei.us": 0.0005799327181947831, "dlr.us": 4.209790056146185e-05, "dre.us": 0.0005026787256405096, "drh.us": 0.0007419340536069743, "dx.us": -0.00014440577417521594, "egp.us": 0.00019139139211060702, "els.us": 0.00037341763953424627, "epr.us": -0.00010056890080837198, "eqc.us": 0.0005231419143596885, "eqix.us": 0.0006558569804729255, "eqr.us": 0.0006317719107639007, "ess.us": 0.0006785941645062504, "exr.us": 0.0011402034735930842, "for.us": -0.0005418932546182046, "fr.us": 0.0012547343081521305, "frt.us": 0.0005274415023787999, "fsp.us": 0.00036139831353608666, "geo.us": 0.00035716794762158036, "good.us": -0.0003548249678765777, "gty.us": 0.00032224870664570513, "hcp.us": 0.00044147464090388765, "hf.us": 0.0017284142912728888, "hiw.us": 5.994439326744261e-05, "hpt.us": 6.573529842029838e-05, "hr.us": 0.0007255983090521669, "hst.us": 0.0006030376034489435, "ht.us": 0.0005912768209832189, "iret.us": -0.00013390932302225704, "irs.us": 0.0009578807693085961, "ivr.us": -0.0003719639660544449, "jll.us": 0.0009231415977753876, "joe.us": -0.001231126373086961, "kim.us": 0.00016241228008571565, "krc.us": 0.0007391116187552531, "krg.us": 0.0007486623806710462, "lamr.us": 0.00044522232970146866, "lpt.us": 0.000163435051615887, "lsi.us": 0.0006360813407495343, "ltc.us": 0.0001424418789088077, "lxp.us": -1.6332813357442262e-05, "maa.us": 0.0002988294444443286, "mac.us": 0.0005664334737051373, "mfa.us": -0.00020219444518546076, "mnr.us": 0.0005412545444820759, "mpw.us": 0.00022155894143366609, "nhi.us": 9.355236691498085e-05, "nly.us": -0.00027603185186597196, "nnn.us": 0.00017235735710503892, "ntp.us": 0.0005230086241836547, "nymt.us": -0.0008073125359885547, "o.us": 0.00014461124087877157, "ofc.us": -0.00021524378638660246, "ohi.us": 3.386208049695157e-05, "olp.us": 0.000376726087877304, "pch.us": 0.0004508319801334634, "peb.us": 0.0005332610379167319, "pei.us": 0.0008288107045886903, "pico.us": -0.00017729174045978202, "pld.us": 0.0003299176528630516, "pmt.us": -0.00018867192852143496, "psa.us": 0.0006712359005801211, "psb.us": 0.00029056398430107, "reg.us": 0.000373505050797214, "rhp.us": 0.000966781658792865, "roic.us": -0.00030899745131938967, "rpt.us": 0.0009022896213331104, "rwt.us": 0.0002712726645716804, "sbra.us": 0.00031901068855185816, "sho.us": 0.00025096597134293113, "skt.us": 0.00035402721393903774, "slg.us": -0.0001102683386652211, "snh.us": -0.00014622237753865049, "spg.us": 0.0005441531900521593, "star.us": 0.001353437611958062, "stwd.us": 6.283734494810564e-05, "sui.us": 0.00010674799882472084, "tco.us": 0.0006398441734343788, "tpl.us": 0.0022884128193917178, "trc.us": -9.656520881652746e-05, "two.us": -0.0014075050695389825, "uba.us": 0.0004360368109376127, "udr.us": 0.0007612096072610655, "uht.us": 0.00024793399524653936, "umh.us": 0.000996736621704511, "vno.us": 0.00037768944796180394, "vtr.us": 0.00038245553134307216, "wpc.us": 0.0009177480888269239, "wre.us": 0.00014708819395515895, "wri.us": 0.0007409520064658098, "xin.us": -0.002033442376843347}