{"apu.us": 0.009055624983162307, "artna.us": 0.010901431818150807, "awk.us": 0.011942847704988975, "bip.us": 0.007784359021041255, "cpl.us": 0.004999999999999989, "duk.us": 0.01861405403643265, "ed.us": 0.02092089805642076, "kep.us": 0.004999999999999989, "nee.us": 0.010751758035044759, "ngg.us": 0.053681927409332024, "nwn.us": 0.004999999999999989, "pam.us": 0.004999999999999989, "ppl.us": 0.0132924952109907, "so.us": 0.04046152022630005, "sph.us": 0.01607942114923958, "sre.us": 0.011090191178237192, "utl.us": 0.005423471170658418, "bti.us": 0.01565953394305972, "cag.us": 0.005000000000000008, "casy.us": 0.005023901824114898, "ccu.us": 0.005000000000000008, "chd.us": 0.005000000000000008, "cl.us": 0.007227339804931753, "clx.us": 0.018497775144139382, "coke.us": 0.005000000000000008, "cpb.us": 0.005000000000000004, "dg.us": 0.005000000000000004, "flo.us": 0.005073397083293129, "hsy.us": 0.007899764214751932, "iba.us": 0.009303436196521339, "k.us": 0.009246806692739131, "kmb.us": 0.012332492725785453, "ko.us": 0.005000000000000004, "kr.us": 0.005000000000000008, "mo.us": 0.013240877520648986, "pep.us": 0.013909391883896727, "pg.us": 0.020740518431675466, "pm.us": 0.005000000000000008, "sjm.us": 0.005000000000000008, "tgt.us": 0.0056918117261796275, "tis.us": 0.0066764380063074015, "ul.us": 0.01110793088045332, "vgr.us": 0.009479093304129986, "wmt.us": 0.02888949061737183, "atax.us": 0.005000000000000008, "bk.us": 0.005000000000000008, "bkk.us": 0.010324179935402666, "bkt.us": 0.018471152563959713, "bncl.us": 0.005000000000000008, "bny.us": 0.00594990592176591, "cb.us": 0.005000000000000008, "cffn.us": 0.005000000000000008, "egf.us": 0.0364963556491318, "gdl.us": 0.005000000000000008, "jls.us": 0.00529647941734747, "jmm.us": 0.005000000000000008, "jof.us": 0.005000000000000008, "mci.us": 0.0056026893841235334, "mgf.us": 0.005921149443211535, "nmy.us": 0.005344979774155604, "nny.us": 0.005000000000000008, "npv.us": 0.006892675674506226, "nqp.us": 0.005000000000000008, "nrk.us": 0.013084705158650628, "nxc.us": 0.005478332492872837, "rnr.us": 0.005000000000000008, "smfg.us": 0.006795741406630818, "tsi.us": 0.005000000000000008, "wia.us": 0.00535201862837695, "wiw.us": 0.04783477781125142, "wtm.us": 0.006154856738612971, "ztr.us": 0.005000000000000008, "bce.us": 0.024041651867025934, "chl.us": 0.04491597095513848, "cht.us": 0.06943452053414495, "cmcsa.us": 0.008415084225926194, "phi.us": 0.015609808221161153, "skm.us": 0.007058762891736985, "t.us": 0.021591245754536366, "tkc.us": 0.006829787026023002, "tu.us": 0.014362263483187794, "vod.us": 0.02079427306773606, "vz.us": 0.01694663197338324, "parametros": [0.02, 0.3, 0.0001779465, 0.05, 0.25, 0.0001779465]}