{"Energy": -0.00034750154864756597, "Utilities": 0.009009949468222516, "Healthcare": -0.001276572549216021, "Consumer Defensive": 0.0053205238755806485, "Technology": 0.0015643618076754957, "Industrials": 0.0011787868323444094, "Real Estate": 0.012258094257816347, "Basic Materials": -0.0029329570111219566, "Financial Services": 0.00042453150762806504, "Communication Services": 0.004430838319315701, "Consumer Cyclical": 0.0018582956426285591}